Month,Payment,Interest,Remaining Balance
1,2000.0,1000.0000000000001,299000.0
2,2000.0,996.6666666666667,297996.6666666667
3,2000.0,993.3222222222223,296989.9888888889
4,2000.0,989.9666296296298,295979.9555185185
5,2000.0,986.5998517283952,294966.55537024693
6,2000.0,983.2218512341565,293949.7772214811
7,2000.0,979.8325907382704,292929.60981221934
8,2000.0,976.4320327073979,291906.0418449267
9,2000.0,973.0201394830891,290879.0619844098
10,2000.0,969.5968732813661,289848.65885769116
11,2000.0,966.1621961923039,288814.82105388347
12,2000.0,962.7160701796116,287777.53712406306
13,2000.0,959.2584570802103,286736.7955811433
14,2000.0,955.789318603811,285692.5848997471
15,2000.0,952.3086163324904,284644.8935160796
16,2000.0,948.8163117202653,283593.7098277999
17,2000.0,945.3123660926663,282539.02219389257
18,2000.0,941.7967406463086,281480.81893453887
19,2000.0,938.269396448463,280419.0883309873
20,2000.0,934.7302944366245,279353.81862542394
21,2000.0,931.1793954180798,278284.99802084203
22,2000.0,927.6166600694735,277212.61468091153
23,2000.0,924.0420489363719,276136.6567298479
24,2000.0,920.4555224328263,275057.1122522807
25,2000.0,916.8570408409357,273973.96929312166
26,2000.0,913.2465643104056,272887.21585743205
27,2000.0,909.6240528581069,271796.83991029015
28,2000.0,905.9894663676339,270702.8293766578
29,2000.0,902.3427645888594,269605.1721412467
30,2000.0,898.683907137489,268503.85604838416
31,2000.0,895.0128534946139,267398.86890187877
32,2000.0,891.3295630062627,266290.198464885
33,2000.0,887.6339948829501,265177.83245976793
34,2000.0,883.9261081992265,264061.75856796716
35,2000.0,880.205861893224,262941.9644298604
36,2000.0,876.4732147662014,261818.4376446266
37,2000.0,872.7281254820887,260691.1657701087
38,2000.0,868.970552567029,259560.13632267574
39,2000.0,865.2004544089192,258425.33677708465
40,2000.0,861.4177892569489,257286.7545663416
41,2000.0,857.6225152211388,256144.37708156274
42,2000.0,853.8145902718759,254998.19167183462
43,2000.0,849.9939722394488,253848.18564407408
44,2000.0,846.1606188135803,252694.34626288767
45,2000.0,842.314487542959,251536.66075043063
46,2000.0,838.4555358347689,250375.1162862654
47,2000.0,834.583720954218,249209.70000721962
48,2000.0,830.6990000240654,248040.3990072437
49,2000.0,826.8013300241457,246867.20033726783
50,2000.0,822.8906677908928,245690.09100505873
51,2000.0,818.9669700168624,244509.0579750756
52,2000.0,815.030193250252,243324.08816832583
53,2000.0,811.0802938944195,242135.16846222026
54,2000.0,807.1172282074009,240942.28569042767
55,2000.0,803.1409523014256,239745.4266427291
56,2000.0,799.1514221424303,238544.57806487152
57,2000.0,795.1485935495717,237339.72665842107
58,2000.0,791.1324221947369,236130.8590806158
59,2000.0,787.1028636020527,234917.96194421785
60,2000.0,783.0598731473929,233701.02181736525
61,2000.0,779.0034060578843,232480.02522342314
62,2000.0,774.9334174114106,231254.95864083455
63,2000.0,770.8498621361152,230025.80850297067
64,2000.0,766.7526950099023,228792.56119798057
65,2000.0,762.6418706599353,227555.2030686405
66,2000.0,758.517343562135,226313.72041220262
67,2000.0,754.3790680406754,225068.09948024328
68,2000.0,750.2269982674777,223818.32647851077
69,2000.0,746.0610882617026,222564.38756677246
70,2000.0,741.8812918892415,221306.2688586617
71,2000.0,737.6875628622057,220043.9564215239
72,2000.0,733.4798547384131,218777.43627626234
73,2000.0,729.2581209208745,217506.69439718322
74,2000.0,725.0223146572774,216231.7167118405
75,2000.0,720.7723890394684,214952.48910087996
76,2000.0,716.5082970029332,213668.9973978829
77,2000.0,712.2299913262764,212381.22738920918
78,2000.0,707.9374246306973,211089.16481383986
79,2000.0,703.6305493794663,209792.79536321934
80,2000.0,699.3093178773978,208492.10468109674
81,2000.0,694.9736822703225,207187.07836336707
82,2000.0,690.6235945445569,205877.70195791163
83,2000.0,686.2590065263721,204563.960964438
84,2000.0,681.8798698814601,203245.84083431948
85,2000.0,677.4861361143983,201923.32697043387
86,2000.0,673.0777565681129,200596.404727002
87,2000.0,668.65468242334,199265.05940942533
88,2000.0,664.2168646980845,197929.2762741234
89,2000.0,659.764254247078,196589.04052837047
90,2000.0,655.296801761235,195244.3373301317
91,2000.0,650.8144577671058,193895.15178789882
92,2000.0,646.3171726263295,192541.46896052515
93,2000.0,641.8048965350839,191183.27385706024
94,2000.0,637.2775795235342,189820.55143658377
95,2000.0,632.7351714552793,188453.28660803905
96,2000.0,628.1776220267968,187081.46423006585
97,2000.0,623.6048807668861,185705.06911083273
98,2000.0,619.0168970361092,184324.08600786884
99,2000.0,614.4136200262295,182938.49962789507
100,2000.0,609.7949987596503,181548.2946266547
101,2000.0,605.1609820888491,180153.45560874356
102,2000.0,600.5115186958119,178753.96712743936
103,2000.0,595.8465570914645,177349.81368453082
104,2000.0,591.1660456151028,175940.97973014592
105,2000.0,586.4699324338197,174527.44966257975
106,2000.0,581.7581655419325,173109.20782812167
107,2000.0,577.0306927604056,171686.23852088206
108,2000.0,572.2874617362736,170258.52598261833
109,2000.0,567.5284199420612,168826.0544025604
110,2000.0,562.7535146752014,167388.8079172356
111,2000.0,557.962693057452,165946.77061029305
112,2000.0,553.1559020343102,164499.92651232737
113,2000.0,548.3330883744246,163048.2596007018
114,2000.0,543.494198669006,161591.7537993708
115,2000.0,538.639179331236,160130.39297870206
116,2000.0,533.7679765956735,158664.16095529773
117,2000.0,528.8805365176592,157193.04149181538
118,2000.0,523.976804972718,155717.0182967881
119,2000.0,519.0567276559603,154236.07502444406
120,2000.0,514.1202500814802,152750.19527452553
121,2000.0,509.1673175817518,151259.36259210727
122,2000.0,504.1978753070243,149763.5604674143
123,2000.0,499.21186822471435,148262.77233563902
124,2000.0,494.20924111879674,146756.98157675783
125,2000.0,489.18993858919276,145246.17151534703
126,2000.0,484.1539050511568,143730.32542039818
127,2000.0,479.1010847346606,142209.42650513284
128,2000.0,474.03142168377616,140683.45792681663
129,2000.0,468.94485975605545,139152.4027865727
130,2000.0,463.841342621909,137616.24412919462
131,2000.0,458.7208137639821,136074.96494295858
132,2000.0,453.58321647652866,134528.5481594351
133,2000.0,448.4284938647837,132976.97665329988
134,2000.0,443.25658884433295,131420.2332421442
135,2000.0,438.0674441404807,129858.30068628467
136,2000.0,432.8610022876156,128291.16168857228
137,2000.0,427.6372056285743,126718.79889420085
138,2000.0,422.39599631400284,125141.19489051486
139,2000.0,417.1373163017162,123558.33220681657
140,2000.0,411.86110735605524,121970.19331417263
141,2000.0,406.56731104724213,120376.76062521987
142,2000.0,401.25586875073293,118778.0164939706
143,2000.0,395.9267216465687,117173.94321561717
144,2000.0,390.57981071872393,115564.5230263359
145,2000.0,385.21507675445304,113949.73810309035
146,2000.0,379.8324603436345,112329.57056343398
147,2000.0,374.4319018781133,110704.00246531209
148,2000.0,369.01334155104036,109073.01580686313
149,2000.0,363.57671935621045,107436.59252621933
150,2000.0,358.1219750873978,105794.71450130673
151,2000.0,352.6490483376891,104147.36354964442
152,2000.0,347.15787849881474,102494.52142814323
153,2000.0,341.64840476047743,100836.1698329037
154,2000.0,336.12056610967903,99172.29039901338
155,2000.0,330.5743013300446,97502.86470034342
156,2000.0,325.00954900114476,95827.87424934456
157,2000.0,319.4262474978152,94147.30049684238
158,2000.0,313.8243349894746,92461.12483183185
159,2000.0,308.20374943943955,90769.3285812713
160,2000.0,302.56442860423766,89071.89300987554
161,2000.0,296.9063100329185,87368.79931990846
162,2000.0,291.22933106636157,85660.02865097483
163,2000.0,285.53342883658274,83945.56207981141
164,2000.0,279.81854026603804,82225.38062007744
165,2000.0,274.08460206692484,80499.46522214437
166,2000.0,268.33155074048125,78767.79677288485
167,2000.0,262.55932257628285,77030.35609546113
168,2000.0,256.7678536515371,75287.12394911266
169,2000.0,250.95707983037556,73538.08102894304
170,2000.0,245.12693676314348,71783.20796570618
171,2000.0,239.2773598856873,70022.48532559187
172,2000.0,233.4082844186396,68255.8936100105
173,2000.0,227.5196453667017,66483.4132553772
174,2000.0,221.61137751792404,64705.02463289513
175,2000.0,215.6834154429838,62920.708048338114
176,2000.0,209.7356934944604,61130.443741832576
177,2000.0,203.7681458061086,59334.21188763868
178,2000.0,197.78070629212894,57531.99259393081
179,2000.0,191.77330864643605,55723.765902577245
180,2000.0,185.74588634192415,53909.51178891917
181,2000.0,179.69837262973059,52089.2101615489
182,2000.0,173.63070053849634,50262.840862087396
183,2000.0,167.54280287362465,48430.383664961024
184,2000.0,161.43461221653675,46591.81827717756
185,2000.0,155.3060609239252,44747.12433810149
186,2000.0,149.15708112700497,42896.28141922849
187,2000.0,142.98760473076166,41039.269023959256
188,2000.0,136.79756341319754,39176.06658737245
189,2000.0,130.58688862457484,37306.65347599702
190,2000.0,124.35551158665676,35431.00898758368
191,2000.0,118.1033632919456,33549.11235087562
192,2000.0,111.83037450291874,31660.94272537854
193,2000.0,105.5364757512618,29766.4792011298
194,2000.0,99.22159733709934,27865.7007984669
195,2000.0,92.885669328223,25958.58646779512
196,2000.0,86.52862155931707,24045.11508935444
197,2000.0,80.15038363118147,22125.265472985622
198,2000.0,73.75088490995208,20199.016357895573
199,2000.0,67.33005452631858,18266.34641242189
200,2000.0,60.887821374739644,16327.234233796633
201,2000.0,54.424114112655445,14381.658347909288
202,2000.0,47.93886115969763,12429.597209068985
203,2000.0,41.43199069689662,10471.02919976588
204,2000.0,34.90343066588627,8505.932630431767
205,2000.0,28.353108768105894,6534.285739199873
206,2000.0,21.78095246399958,4556.066691663873
207,2000.0,15.18688897221291,2571.2535806360856
208,2000.0,8.570845268786952,579.8244259048724
209,581.757173991222,1.932748086349575,0.0
